[
	{
		"chartType": "mosaic-pj",
		"url": "/mosaic",
		"iconClass": "mdi-chart-arc",
		"constName": "MOSAIC_PJ"
	},
	{
		"chartType": "registration_status",
		"url": "/registration_status",
		"iconClass": "mdi-chart-arc",
		"constName": "REGISTRATION_STATUS"
	},
	{
		"chartType": "address_accuracy",
		"url": "/address_accuracy",
		"iconClass": "mdi-chart-arc",
		"constName": "ADDRESS_ACCURACY",
		"flags": {
			"mode":"layerMode"
		}
	},
	{
		"chartType": "cnae",
		"url": "/cnae_2",
		"iconClass": "mdi-worker",
		"constName": "CNAE_GROUP"
	},
	{
		"chartType": "existence_time",
		"url": "/existence_time",
		"iconClass": "mdi-chart-arc",
		"constName": "EXISTENCE_TIME"
	},
	{
		"chartType": "number_of_employees",
		"url": "/number_of_employees",
		"iconClass": "mdi-chart-arc",
		"constName":"NUMBER_OF_EMPLOYEES"
	},
	{
		"chartType": "size",
		"url": "/size",
		"iconClass": "mdi-chart-arc",
		"constName": "SIZE"
	},
	{
		"chartType": "estimated_revenue",
		"url": "/estimated_revenue",
		"iconClass": "mdi-chart-arc",
		"constName": "ESTIMATED_REVENUE"
	},
	{
		"chartType": "company_credit_risk",
		"url": "/credit_risk",
		"iconClass": "mdi-chart-arc",
		"constName": "COMPANY_CREDIT_RISK"
	},
	{
		"chartType": "operability_index",
		"url": "/operability_index_desc",
		"iconClass": "mdi-chart-arc",
		"constName": "OPERABILITY_INDEX"
	},
	{
		"chartType": "simples_nacional",
		"url": "/simples_nacional",
		"iconClass": "mdi-chart-arc",
		"constName": "SIMPLES_NACIONAL"
	},
	{
		"chartType": "number_of_branch_offices",
		"url": "/number_of_branch_offices",
		"iconClass": "mdi-chart-arc",
		"constName": "NUMBER_OF_BRANCH_OFFICES"
	},
	{
		"title": "Matriz/Filial",
		"chartType": "age",
		"url": "/headquarters",
		"iconClass": "mdi-chart-arc",
		"constName": "HEADQUARTERS",
		"progress": true
	},
	{
		"title": "Produtor Rural",
		"chartType": "age",
		"url": "/rural_producer",
		"iconClass": "mdi-chart-arc",
		"constName": "RURAL_PRODUCER",
		"progress": true
	}
]
