[
	{
		"chartType": "mosaic",
		"url": "/mosaic",
		"iconClass": "mdi-chart-arc",
		"constName": "MOSAIC"
	},
	{
		"chartType": "socialClass",
		"url": "/social_class",
		"iconClass": "mdi-cash-multiple",
		"constName": "SOCIAL_CLASS"
	},
	{
		"chartType": "address_accuracy",
		"url": "/address_accuracy",
		"iconClass": "mdi-chart-arc",
		"constName": "ADDRESS_ACCURACY",
		"flags": {
			"mode":"layerMode"
		}
	},
	{
		"chartType": "gender",
		"url": "/gender",
		"iconClass": "mdi-gender-male-female",
		"constName": "GENDER"
	},
	{
		"chartType": "scholarity",
		"url": "/scholarity",
		"iconClass": "mdi-chart-arc",
		"constName":"SCHOLARITY"
	},
	{
		"chartType": "marital_status",
		"url": "/marital_status",
		"iconClass": "mdi-chart-arc",
		"constName": "MARITAL_STATUS"
	},
	{
		"chartType": "age",
		"url": "/age",
		"iconClass": "mdi-chart-arc",
		"constName": "AGE"
	},
	{
		"chartType": "income_range",
		"url": "/income_range",
		"iconClass": "mdi-chart-arc",
		"constName": "INCOME_RANGE",
		"flags": {
			"unlessPresent": ["cs_renda", "cs_renda_bv"]
		}
	},
	{
		"chartType": "credit_risk",
		"url": "/credit_risk",
		"iconClass": "mdi-chart-arc",
		"constName": "CREDIT_RISK"
	},
	{
		"chartType": "residents_quantity",
		"url": "/residents_quantity",
		"iconClass": "mdi-chart-arc",
		"constName": "RESIDENTS_QUANTITY"
	},
	{
		"chartType": "occupation",
		"url": "/occupation",
		"iconClass": "mdi-chart-arc",
		"constName": "OCCUPATION"
	},
	{
		"chartType": "income_range",
		"url": "/cs_renda",
		"iconClass": "mdi-chart-arc",
		"constName": "CS_RENDA",
		"flags": {
      "cnpj": ["cs_renda"],
			"unlessPresent": ["cs_renda_bv"]
		}
  },
  {
		"chartType": "income_range",
		"url": "/cs_renda_bv",
		"iconClass": "mdi-chart-arc",
		"constName": "CS_RENDA_BV",
		"flags": {
			"cnpj": ["cs_renda_bv"]
		}
	},
	{
		"chartType": "cs_csba",
		"url": "/cs_csba",
		"iconClass": "mdi-chart-arc",
		"constName": "CS_CSBA",
		"flags": {
			"cnpj": ["cs_csba"]
		}
  },
  {
		"chartType": "cs_csba_bv",
		"url": "/cs_csba_bv",
		"iconClass": "mdi-chart-arc",
		"constName": "CS_CSBA_BV",
		"flags": {
			"cnpj": ["cs_csba_bv"]
		}
  },
  {
		"chartType": "cs_restritivo",
		"url": "/cs_restritivo",
		"iconClass": "mdi-chart-arc",
		"constName": "CS_RESTRITIVO",
		"flags": {
			"cnpj": ["cs_restritivo"]
		}
	},
	{
		"chartType": "cs_score",
		"url": "/cs_score",
		"iconClass": "mdi-chart-arc",
		"constName": "CS_SCORE",
		"flags": {
			"cnpj": ["cs_score"]
		}
	},
	{
		"chartType": "registration_status",
		"url": "/registration_status",
		"iconClass": "mdi-chart-arc",
		"constName": "REGISTRATION_STATUS"
	},
	{
		"chartType": "gender",
		"url": "/inclination/shareholder_inclination",
		"iconClass": "mdi-chart-arc",
		"progress": true,
		"constName": "SHAREHOLDER_INCLINATION"
	},
	{
		"chartType": "gender",
		"url": "/bolsa_familia",
		"iconClass": "mdi-chart-arc",
		"progress": true,
		"constName": "BOLSA_FAMILIA"
	},
	{
		"chartType": "gender",
		"url": "/inclination/mobile",
		"iconClass": "mdi-chart-arc",
		"progress": true,
		"constName": "MOBILE"
	},
	{
		"chartType": "gender",
		"url": "/inclination/phone",
		"iconClass": "mdi-chart-arc",
		"progress": true,
		"constName": "PHONE"
	},
	{
		"chartType": "gender",
		"url": "/inclination/public_sector",
		"iconClass": "mdi-chart-arc",
		"progress": true,
		"constName": "PUBLIC_SECTOR"
	},
	{
		"chartType": "gender",
		"url": "/inclination/early_adopters",
		"iconClass": "mdi-chart-arc",
		"progress": true,
		"constName": "EARLY_ADOPTERS"
	},
	{
		"chartType": "gender",
		"url": "/inclination/broadband_inclination",
		"iconClass": "mdi-chart-arc",
		"progress": true,
		"constName": "BROADBAND_INCLINATION"
	},
	{
		"chartType": "gender",
		"url": "/inclination/car_cargo_van_inclination",
		"iconClass": "mdi-chart-arc",
		"progress": true,
		"constName": "CAR_CARGO_VAN_INCLINATION"
	},
	{
		"chartType": "gender",
		"url": "/inclination/car_compact_hatch_inclination",
		"iconClass": "mdi-chart-arc",
		"progress": true,
		"constName": "CAR_COMPACT_HATCH_INCLINATION"
	},
	{
		"chartType": "gender",
		"url": "/inclination/car_compact_van_inclination",
		"iconClass": "mdi-chart-arc",
		"progress": true,
		"constName": "CAR_COMPACT_VAN_INCLINATION"
	},
	{
		"chartType": "gender",
		"url": "/inclination/car_crossover_inclination",
		"iconClass": "mdi-chart-arc",
		"progress": true,
		"constName": "CAR_CROSSOVER_INCLINATION"
	},
	{
		"chartType": "gender",
		"url": "/inclination/car_insurance_inclination",
		"iconClass": "mdi-chart-arc",
		"progress": true,
		"constName": "CAR_INSURANCE_INCLINATION"
	},
	{
		"chartType": "gender",
		"url": "/inclination/car_jeep_inclination",
		"iconClass": "mdi-chart-arc",
		"progress": true,
		"constName": "CAR_JEEP_INCLINATION"
	},
	{
		"chartType": "gender",
		"url": "/inclination/car_large_minivan_inclination",
		"iconClass": "mdi-chart-arc",
		"progress": true,
		"constName": "CAR_LARGE_MINIVAN_INCLINATION"
	},
	{
		"chartType": "gender",
		"url": "/inclination/car_light_crossover_inclination",
		"iconClass": "mdi-chart-arc",
		"progress": true,
		"constName": "CAR_LIGHT_CROSSOVER_INCLINATION"
	},
	{
		"chartType": "gender",
		"url": "/inclination/car_loan_inclination",
		"iconClass": "mdi-chart-arc",
		"progress": true,
		"constName": "CAR_LOAN_INCLINATION"
	},
	{
		"chartType": "gender",
		"url": "/inclination/car_premium_hatch_inclination",
		"iconClass": "mdi-chart-arc",
		"progress": true,
		"constName": "CAR_PREMIUM_HATCH_INCLINATION"
	},
	{
		"chartType": "gender",
		"url": "/inclination/car_premium_sedan_inclination",
		"iconClass": "mdi-chart-arc",
		"progress": true,
		"constName": "CAR_PREMIUM_SEDAN_INCLINATION"
	},
	{
		"chartType": "gender",
		"url": "/inclination/car_small_minivan_inclination",
		"iconClass": "mdi-chart-arc",
		"progress": true,
		"constName": "CAR_SMALL_MINIVAN_INCLINATION"
	},
	{
		"chartType": "gender",
		"url": "/inclination/car_small_pickup_inclination",
		"iconClass": "mdi-chart-arc",
		"progress": true,
		"constName": "CAR_SMALL_PICKUP_INCLINATION"
	},
	{
		"chartType": "gender",
		"url": "/inclination/car_small_sedan_inclination",
		"iconClass": "mdi-chart-arc",
		"progress": true,
		"constName": "CAR_SMALL_SEDAN_INCLINATION"
	},
	{
		"chartType": "gender",
		"url": "/inclination/car_sport_inclination",
		"iconClass": "mdi-chart-arc",
		"progress": true,
		"constName": "CAR_SPORT_INCLINATION"
	},
	{
		"chartType": "gender",
		"url": "/inclination/car_standard_hatch_inclination",
		"iconClass": "mdi-chart-arc",
		"progress": true,
		"constName": "CAR_STANDARD_HATCH_INCLINATION"
	},
	{
		"chartType": "gender",
		"url": "/inclination/car_standard_large_pickup_inclination",
		"iconClass": "mdi-chart-arc",
		"progress": true,
		"constName": "CAR_STANDARD_LARGE_PICKUP_INCLINATION"
	},
	{
		"chartType": "gender",
		"url": "/inclination/car_standard_minivan_inclination",
		"iconClass": "mdi-chart-arc",
		"progress": true,
		"constName": "CAR_STANDARD_MINIVAN_INCLINATION"
	},
	{
		"chartType": "gender",
		"url": "/inclination/car_standard_sedan_inclination",
		"iconClass": "mdi-chart-arc",
		"progress": true,
		"constName": "CAR_STANDARD_SEDAN_INCLINATION"
	},
	{
		"chartType": "gender",
		"url": "/inclination/car_suv_inclination",
		"iconClass": "mdi-chart-arc",
		"progress": true,
		"constName": "CAR_SUV_INCLINATION"
	},
	{
		"chartType": "gender",
		"url": "/inclination/credit_card_holding_inclination",
		"iconClass": "mdi-chart-arc",
		"progress": true,
		"constName": "CREDIT_CARD_HOLDING_INCLINATION"
	},
	{
		"chartType": "gender",
		"url": "/inclination/credit_taking_inclination",
		"iconClass": "mdi-chart-arc",
		"progress": true,
		"constName": "CREDIT_TAKING_INCLINATION"
	},
	{
		"chartType": "gender",
		"url": "/inclination/discount_hunter_inclination",
		"iconClass": "mdi-chart-arc",
		"progress": true,
		"constName": "DISCOUNT_HUNTER_INCLINATION"
	},
	{
		"chartType": "gender",
		"url": "/inclination/ebook_reader_inclination",
		"iconClass": "mdi-chart-arc",
		"progress": true,
		"constName": "EBOOK_READER_INCLINATION"
	},
	{
		"chartType": "gender",
		"url": "/inclination/ecommerce_inclination",
		"iconClass": "mdi-chart-arc",
		"progress": true,
		"constName": "ECOMMERCE_INCLINATION"
	},
	{
		"chartType": "gender",
		"url": "/inclination/fitness_inclination",
		"iconClass": "mdi-chart-arc",
		"progress": true,
		"constName": "FITNESS_INCLINATION"
	},
	{
		"chartType": "gender",
		"url": "/inclination/gameconsole_inclination",
		"iconClass": "mdi-chart-arc",
		"progress": true,
		"constName": "GAMECONSOLE_INCLINATION"
	},
	{
		"chartType": "gender",
		"url": "/inclination/gameonline_inclination",
		"iconClass": "mdi-chart-arc",
		"progress": true,
		"constName": "GAMEONLINE_INCLINATION"
	},
	{
		"chartType": "gender",
		"url": "/inclination/health_insurance_inclination",
		"iconClass": "mdi-chart-arc",
		"progress": true,
		"constName": "HEALTH_INSURANCE_INCLINATION"
	},
	{
		"chartType": "gender",
		"url": "/inclination/house_insurance_inclination",
		"iconClass": "mdi-chart-arc",
		"progress": true,
		"constName": "HOUSE_INSURANCE_INCLINATION"
	},
	{
		"chartType": "gender",
		"url": "/inclination/internet_high_user_inclination",
		"iconClass": "mdi-chart-arc",
		"progress": true,
		"constName": "INTERNET_HIGH_USER_INCLINATION"
	},
	{
		"chartType": "gender",
		"url": "/inclination/investor_inclination",
		"iconClass": "mdi-chart-arc",
		"progress": true,
		"constName": "INVESTOR_INCLINATION"
	},
	{
		"chartType": "gender",
		"url": "/inclination/life_insurance_inclination",
		"iconClass": "mdi-chart-arc",
		"progress": true,
		"constName": "LIFE_INSURANCE_INCLINATION"
	},
	{
		"chartType": "gender",
		"url": "/inclination/luxury_inclination",
		"iconClass": "mdi-chart-arc",
		"progress": true,
		"constName": "LUXURY_INCLINATION"
	},
	{
		"chartType": "gender",
		"url": "/inclination/mileage_program_inclination",
		"iconClass": "mdi-chart-arc",
		"progress": true,
		"constName": "MILEAGE_PROGRAM_INCLINATION"
	},
	{
		"chartType": "gender",
		"url": "/inclination/mobile_profile_inclination",
		"iconClass": "mdi-chart-arc",
		"progress": true,
		"constName": "MOBILE_PROFILE_INCLINATION"
	},
	{
		"chartType": "gender",
		"url": "/inclination/movie_buff_inclination",
		"iconClass": "mdi-chart-arc",
		"progress": true,
		"constName": "MOVIE_BUFF_INCLINATION"
	},
	{
		"chartType": "gender",
		"url": "/inclination/multiple_banking_account_inclination",
		"iconClass": "mdi-chart-arc",
		"progress": true,
		"constName": "MULTIPLE_BANKING_ACCOUNT_INCLINATION"
	},
	{
		"chartType": "gender",
		"url": "/inclination/multiple_cards_inclination",
		"iconClass": "mdi-chart-arc",
		"progress": true,
		"constName": "MULTIPLE_CARDS_INCLINATION"
	},
	{
		"chartType": "gender",
		"url": "/inclination/net_banking_inclination",
		"iconClass": "mdi-chart-arc",
		"progress": true,
		"constName": "NET_BANKING_INCLINATION"
	},
	{
		"chartType": "gender",
		"url": "/inclination/own_home_inclination",
		"iconClass": "mdi-chart-arc",
		"progress": true,
		"constName": "OWN_HOME_INCLINATION"
	},
	{
		"chartType": "gender",
		"url": "/inclination/pessoal_credit_inclination",
		"iconClass": "mdi-chart-arc",
		"progress": true,
		"constName": "PESSOAL_CREDIT_INCLINATION"
	},
	{
		"chartType": "gender",
		"url": "/inclination/postpaid_mobile_phone_inclination",
		"iconClass": "mdi-chart-arc",
		"progress": true,
		"constName": "POSTPAID_MOBILE_PHONE_INCLINATION"
	},
	{
		"chartType": "gender",
		"url": "/inclination/premium_client_inclination",
		"iconClass": "mdi-chart-arc",
		"progress": true,
		"constName": "PREMIUM_CLIENT_INCLINATION"
	},
	{
		"chartType": "gender",
		"url": "/inclination/prepaid_mobile_phone_inclination",
		"iconClass": "mdi-chart-arc",
		"progress": true,
		"constName": "PREPAID_MOBILE_PHONE_INCLINATION"
	},
	{
		"chartType": "gender",
		"url": "/inclination/prime_card_inclination",
		"iconClass": "mdi-chart-arc",
		"progress": true,
		"constName": "PRIME_CARD_INCLINATION"
	},
	{
		"chartType": "gender",
		"url": "/inclination/private_pension_inclination",
		"iconClass": "mdi-chart-arc",
		"progress": true,
		"constName": "PRIVATE_PENSION_INCLINATION"
	},
	{
		"chartType": "gender",
		"url": "/inclination/public_transportation_inclination",
		"iconClass": "mdi-chart-arc",
		"progress": true,
		"constName": "PUBLIC_TRANSPORTATION_INCLINATION"
	},
	{
		"chartType": "gender",
		"url": "/inclination/real_estate_credit_inclination",
		"iconClass": "mdi-chart-arc",
		"progress": true,
		"constName": "REAL_ESTATE_CREDIT_INCLINATION"
	},
	{
		"chartType": "gender",
		"url": "/inclination/satcbl_tv_inclination",
		"iconClass": "mdi-chart-arc",
		"progress": true,
		"constName": "SATCBL_TV_INCLINATION"
	},
	{
		"chartType": "gender",
		"url": "/inclination/tourism_inclination",
		"iconClass": "mdi-chart-arc",
		"progress": true,
		"constName": "TOURISM_INCLINATION"
	},
	{
		"chartType": "cs_c2ba",
		"url": "/cs_c2ba",
		"iconClass": "mdi-chart-arc",
		"progress": true,
		"constName": "CS_C2BA"
	},
	{
		"chartType": "cs_c2ba_riachuelo",
		"url": "/cs_c2ba-riachuelo",
		"iconClass": "mdi-chart-arc",
		"progress": true,
		"constName": "CS_C2BA_RIACHUELO"
	}
]
