[{
    "title": "Distribuição Mosaic",
    "chartType": "mosaic",
    "url": "/mosaic",
    "iconClass": "mdi-chart-arc",
    "constName": "MOSAIC",
    "entity": "device"
  },
  {
    "title": "Classe Social",
    "chartType": "socialClass",
    "url": "/social-class",
    "iconClass": "mdi-cash-multiple",
    "constName": "SOCIAL_CLASS",
    "entity": "device"
  },
  {
    "title": "Dia da semana",
    "chartType": "weekDays",
    "url": "/hot-days",
    "iconClass": "mdi-clock",
    "constName": "WEEK_DAYS",
    "entity": "device"
  },
  {
    "title": "Período do dia",
    "chartType": "hotHours",
    "url": "/hot-hours",
    "iconClass": "mdi-clock",
    "constName": "HOT_HOURS",
    "entity": "device"
  },
  {
    "title": "Audiência por tempo de permanência",
    "chartType": "duration",
    "url": "/duration",
    "iconClass": "mdi-clock-fast",
    "constName": "DURATION",
    "entity": "device"
  },
  {
    "title": "Deslocamento a partir da residência",
    "chartType": "displacementHome",
    "url": "/displacement/home",
    "iconClass": "mdi-clock-fast",
    "constName": "DISPLACEMENT_HOME",
    "entity": "device"
  },
  {
    "title": "Deslocamento a partir do trabalho",
    "chartType": "displacementWork",
    "url": "/displacement/work",
    "iconClass": "mdi-clock-fast",
    "constName": "DISPLACEMENT_WORK",
    "entity": "device"
  }
]
